ID,Name,Abstract
1,Adult,"Predict whether income exceeds $50K/yr based on census data.  Also known as "Census Income" dataset."
2,Adult,"Predict whether income exceeds $50K/yr based on census data.  Also known as "Census Income" dataset."
3,Annealing,"Steel annealing data"
4,"Anonymous Microsoft Web Data","Log of anonymous users of www.microsoft.com; predict areas of the web site a user visited based on data on other areas the user visited."
5,Arrhythmia,"Distinguish between the presence and absence of cardiac arrhythmia and classify it in one of the 16 groups."
6,"Artificial Characters","Dataset artificially generated by using first order theory which describes structure of ten capital letters of English alphabet"
7,"Audiology (Original)","Nominal audiology dataset from Baylor"
8,"Audiology (Standardized)","Standardized version of the original audiology database"
9,"Auto MPG","Revised from CMU StatLib library, data concerns city-cycle fuel consumption"
10,Automobile,"From 1985 Ward's Automotive Yearbook"
11,Badges,"Badges labeled with a "+" or "-" as a function of a person's name"
12,"Balance Scale","Balance scale weight & distance database"
13,Balloons,"Data previously used in cognitive psychology experiment; 4 data sets represent different conditions of an experiment"
14,"Breast Cancer","Breast Cancer Data (Restricted Access)"
15,"Breast Cancer Wisconsin (Original)","Original Wisconsin Breast Cancer Database"
16,"Breast Cancer Wisconsin (Prognostic)","Prognostic Wisconsin Breast Cancer Database"
17,"Breast Cancer Wisconsin (Diagnostic)","Diagnostic Wisconsin Breast Cancer Database"
18,"Pittsburgh Bridges","Bridges database that has original and numeric-discretized datasets"
19,"Car Evaluation","Derived from simple hierarchical decision model, this database may be useful for testing constructive induction and structure discovery methods."
20,"Census Income","Predict whether income exceeds $50K/yr based on census data.  Also known as "Adult" dataset."
21,"Chess (King-Rook vs. King-Knight)","Knight Pin Chess End-Game Database Creator"
22,"Chess (King-Rook vs. King-Pawn)","King+Rook versus King+Pawn on a7 (usually abbreviated KRKPA7)."
23,"Chess (King-Rook vs. King)","Chess Endgame Database for White King and Rook against Black King (KRK)."
24,"Chess (Domain Theories)","6 different domain theories for generating legal moves of chess"
25,"Bach Chorales","Time-series data based on chorales; challenge is to learn generative grammar; data in Lisp"
26,Connect-4,"Contains connect-4 positions"
27,"Credit Approval","This data concerns credit card applications; good mix of attributes"
28,"Japanese Credit Screening","Includes domain theory (generated by talking to Japanese domain experts); data in Lisp"
29,"Computer Hardware","Relative CPU Performance Data, described in terms of its cycle time, memory size, etc."
30,"Contraceptive Method Choice","Dataset is a subset of the 1987 National Indonesia Contraceptive Prevalence Survey."
31,Covertype,"Forest CoverType dataset"
32,"Cylinder Bands","Used in decision tree induction for mitigating process delays known as "cylinder bands" in rotogravure printing"
33,Dermatology,"Aim for this dataset is to determine the type of Eryhemato-Squamous Disease."
34,Diabetes,"This diabetes dataset is from AIM '94"
35,"DGP2 - The Second Data Generation Program","Generates application domains based on specific parameters, number of features, and proportion of positive to negative examples"
36,"Document Understanding","Five concepts, expressed as predicates, to be learned"
37,"EBL Domain Theories","Assorted small-scale domain theories"
38,Echocardiogram,"Data for classifying if patients will survive for at least one year after a heart attack"
39,Ecoli,"This data contains protein localization sites"
40,Flags,"From Collins Gem Guide to Flags, 1986"
41,"Function Finding","Cases collected mostly from investigations in physical science; intention is to evaluate function-finding algorithms"
42,"Glass Identification","From USA Forensic Science Service; 6 types of glass; defined in terms of their oxide content (i.e. Na, Fe, K, etc)"
43,"Haberman's Survival","Dataset contains cases from study conducted on the survival of patients who had undergone surgery for breast cancer"
44,Hayes-Roth,"Topic: human subjects study"
45,"Heart Disease","4 databases: Cleveland, Hungary, Switzerland, and the VA Long Beach"
46,Hepatitis,"From G.Gong: CMU; Mostly Boolean or numeric-valued attribute types; Includes cost data (donated by Peter Turney)"
47,"Horse Colic","Well documented attributes; 368 instances with 28 attributes (continuous, discrete, and nominal); 30% missing values"
49,ICU,"Data set prepared for the use of participants for the 1994 AAAI Spring Symposium on Artificial Intelligence in Medicine."
50,"Image Segmentation","Image data described by high-level numeric-valued attributes, 7 classes"
51,"Internet Advertisements","This dataset represents a set of possible advertisements on Internet pages."
52,Ionosphere,"Classification of radar returns from the ionosphere"
53,Iris,"Famous database; from Fisher, 1936"
54,ISOLET," Goal: Predict which letter-name was spoken--a simple classification task."
55,Kinship,"Relational dataset"
56,"Labor Relations","From Collective Bargaining Review"
57,"LED Display Domain","From Classification and Regression Trees book; We provide here 2 C programs for generating sample databases"
58,Lenses,"Database for fitting contact lenses"
59,"Letter Recognition","Database of character image features; try to identify the letter"
60,"Liver Disorders","BUPA Medical Research Ltd. database donated by Richard S. Forsyth"
61,"Logic Theorist","All code for Logic Theorist"
62,"Lung Cancer","Lung cancer data; no attribute definitions"
63,Lymphography,"This lymphography domain was obtained from the University Medical Centre, Institute of Oncology, Ljubljana, Yugoslavia.  (Restricted access)"
64,"Mechanical Analysis","Fault diagnosis problem of electromechanical devices; also PUMPS DATA SET is newer version with domain theory and results"
65,Meta-data,"Meta-Data was used in order to give advice about which classification method is appropriate for a particular dataset (taken from results of Statlog project)."
66,"Mobile Robots","Learning concepts from sensor data of a mobile robot; set of data sets"
67,"Molecular Biology (Promoter Gene Sequences)","E. Coli promoter gene sequences (DNA) with partial domain theory"
68,"Molecular Biology (Protein Secondary Structure)","From CMU connectionist bench repository; Classifies secondary structure of certain globular proteins"
69,"Molecular Biology (Splice-junction Gene Sequences)","Primate splice-junction gene sequences (DNA) with associated imperfect domain theory"
70,"MONK's Problems","A set of three artificial domains over the same attribute space; Used to test a wide range of induction algorithms"
71,"Moral Reasoner","Horn-clause model that qualitatively simulates moral reasoning; Theory includes negated literals"
72,"Multiple Features","This dataset consists of features of handwritten numerals (`0'--`9') extracted from a collection of Dutch utility maps"
73,Mushroom,"From Audobon Society Field Guide; mushrooms described in terms of physical characteristics; classification: poisonous or edible"
74,"Musk (Version 1)","The goal is to learn to predict whether new molecules will be musks or non-musks"
75,"Musk (Version 2)","The goal is to learn to predict whether new molecules will be musks or non-musks"
76,Nursery," Nursery Database was derived from a hierarchical decision model originally developed to rank applications for nursery schools."
77,"Othello Domain Theory","Used in research to generate features for an inductive learning system"
78,"Page Blocks Classification","The problem consists of classifying all the blocks of the page layout of a document that has been detected by a segmentation process."
80,"Optical Recognition of Handwritten Digits","Two versions of this database available; see folder"
81,"Pen-Based Recognition of Handwritten Digits","Digit database of 250 samples from 44 writers"
82,"Post-Operative Patient","Dataset of patient features"
83,"Primary Tumor","From Ljubljana Oncology Institute"
84,Prodigy,"Assorted domains like blocksworld, eightpuzzle, and schedworld."
85,"Qualitative Structure Activity Relationships","Two sets of datasets are given: pyrimidines and triazines"
86,"Quadruped Mammals"," The file animals.c is a data generator of structured instances representing quadruped animals"
87,Servo,"Data was from a simulation of a servo system"
88,"Shuttle Landing Control","Tiny database; all nominal values"
89,"Solar Flare","Each class attribute counts the number of solar flares of a certain class that occur in a 24 hour period"
90,"Soybean (Large)","Michalski's famous soybean disease database"
91,"Soybean (Small)","Michalski's famous soybean disease database"
92,"Challenger USA Space Shuttle O-Ring","Task: predict the number of O-rings that experience thermal distress on a flight at 31 degrees F given data on the previous 23 shuttle flights"
93,"Low Resolution Spectrometer","From IRAS data -- NASA Ames Research Center"
94,Spambase,"Classifying Email as Spam or Non-Spam"
95,"SPECT Heart","Data on cardiac Single Proton Emission Computed Tomography (SPECT) images. Each patient classified into two categories: normal and abnormal."
96,"SPECTF Heart","Data on cardiac Single Proton Emission Computed Tomography (SPECT) images. Each patient classified into two categories: normal and abnormal."
97,Sponge,"Data on sponges; Attributes in spanish"
98,"Statlog Project","Various Databases: Vehicle silhouttes, Landsat Sattelite, Shuttle, Australian Credit Approval, Heart Disease, Image Segmentation, German Credit"
99,"Student Loan Relational","Student Loan Relational Domain"
100,"Teaching Assistant Evaluation","The data consist of evaluations of teaching performance; scores are "low", "medium", or "high""
101,"Tic-Tac-Toe Endgame","Binary classification task on possible configurations of tic-tac-toe game"
102,"Thyroid Disease","10 separate databases from Garavan Institute"
103,Trains,"2 data formats (structured, one-instance-per-line)"
104,University,"Data in original (LISP-readable) form"
105,"Congressional Voting Records","1984 United Stated Congressional Voting Records; Classify as Republican or Democrat"
106,"Water Treatment Plant","Multiple classes predict plant state"
107,"Waveform Database Generator (Version 1)","CART book's waveform domains"
108,"Waveform Database Generator (Version 2)","CART book's waveform domains"
109,Wine,"Using chemical analysis determine the origin of wines"
110,Yeast,"Predicting the Cellular Localization Sites of Proteins"
111,Zoo,"Artificial, 7 classes of animals"
112,Undocumented,"Various datasets without documentation (feel free to explore!)"
113,"Twenty Newsgroups","This data set consists of 20000 messages taken from 20 newsgroups."
114,"Australian Sign Language signs","This data consists of sample of Auslan (Australian Sign Language) signs. Examples of 95 signs were collected from five signers with a total of 6650 sign samples."
115,"Australian Sign Language signs (High Quality)","This data consists of sample of Auslan (Australian Sign Language) signs. 27 examples of each of 95 Auslan signs were captured from a native signer using high-quality position trackers"
116,"US Census Data (1990)","The USCensus1990raw data set contains a one percent sample of the Public Use Microdata Samples (PUMS) person records drawn from the full 1990 census sample."
117,"Census-Income (KDD)","This data set contains weighted census data extracted from the 1994 and 1995 current population surveys conducted by the U.S. Census Bureau."
118,"Coil 1999 Competition Data","This data set is from the 1999 Computational Intelligence and Learning (COIL) competition. The data contains measurements of river chemical concentrations and algae densities."
119,"Corel Image Features","This dataset contains image features extracted from a Corel image collection. Four sets of features are available based on the color histogram, color histogram layout, color moments, and co-occurence"
120,"E. Coli Genes","Data giving characteristics of each ORF (potential gene) in the E. coli genome. Sequence, homology (similarity to other genes) and structural information, and function (if known) are provided."
121,"EEG Database","This data arises from a large study to examine EEG correlates of genetic predisposition to alcoholism. It contains measurements from 64 electrodes placed on the scalp sampled at 256 Hz"
122,"El Nino","The data set contains oceanographic and surface meteorological readings taken from a series of buoys positioned throughout the equatorial Pacific."
123,"Entree Chicago Recommendation Data","This data contains a record of user interactions with the Entree Chicago restaurant recommendation system."
124,"CMU Face Images","This data consists of 640 black and white face images of people taken with varying pose (straight, left, right, up), expression (neutral, happy, sad, angry), eyes (wearing sunglasses or not), and size"
125,"Insurance Company Benchmark (COIL 2000)","This data set used in the CoIL 2000 Challenge contains information on customers of an insurance company. The data consists of 86 variables and includes product usage data and socio-demographic data"
126,"Internet Usage Data","This data contains general demographic information on internet users in 1997."
127,"IPUMS Census Database","This data set contains unweighted PUMS census data from the Los Angeles and Long Beach areas for the years 1970, 1980, and 1990."
128,"Japanese Vowels","This dataset records 640 time series of 12 LPC cepstrum coefficients taken from nine male speakers."
129,"KDD Cup 1998 Data","This is the data set used for The Second International Knowledge Discovery and Data Mining Tools Competition, which was held in conjunction with KDD-98"
130,"KDD Cup 1999 Data","This is the data set used for The Third International Knowledge Discovery and Data Mining Tools Competition, which was held in conjunction with KDD-99"
131,"M. Tuberculosis Genes"," Data giving characteristics of each ORF (potential gene) in the M. tuberculosis bacterium. Sequence, homology (similarity to other genes) and structural information, and function (if known) are provided"
132,Movie,"This data set contains a list of over 10000 films including many older, odd, and cult films. There is information on actors, casts, directors, producers, studios, etc."
133,"MSNBC.com Anonymous Web Data","This data describes the page visits of users who visited msnbc.com on September 28, 1999. Visits are recorded at the level of URL category (see description) and are recorded in time order."
134,"NSF Research Award Abstracts 1990-2003","This data set consists of (a) 129,000 abstracts describing NSF awards for basic research, (b) bag-of-word data files extracted from the abstracts, (c) a list of words used for indexing the bag-of-word"
135,"Pioneer-1 Mobile Robot Data","This dataset contains time series sensor readings of the Pioneer-1 mobile robot. The data is broken into "experiences" in which the robot takes action for some period of time and experiences a control"
136,"Pseudo Periodic Synthetic Time Series","This data set is designed for testing indexing schemes in time series databases. The data appears highly periodic, but never exactly repeats itself."
137,"Reuters-21578 Text Categorization Collection","This is a collection of documents that appeared on Reuters newswire in 1987. The documents were assembled and indexed with categories."
138,"Robot Execution Failures","This dataset contains force and torque measurements on a robot after failure detection. Each failure is characterized by 15 force/torque samples collected at regular time intervals"
139,"Synthetic Control Chart Time Series","This data consists of synthetically generated control charts."
140,"Syskill and Webert Web Page Ratings","This database contains HTML source of web pages plus the ratings of a single user on these web pages. Web pages are on four seperate subjects (Bands- recording artists; Goats; Sheep; and BioMedical)"
141,"UNIX User Data","This file contains 9 sets of sanitized user data drawn from the command histories of 8 UNIX computer users at Purdue over the course of up to 2 years."
142,"Volcanoes on Venus - JARtool experiment","The JARtool project was a pioneering effort to develop an automatic system for cataloging small volcanoes in the large set of Venus images returned by the Magellan spacecraft."
143,"Statlog (Australian Credit Approval)","This file concerns credit card applications. This database exists elsewhere in the repository (Credit Screening Database) in a slightly different form"
144,"Statlog (German Credit Data)","This dataset classifies people described by a set of attributes as good or bad credit risks. Comes in two formats (one all numeric). Also comes with a cost matrix"
145,"Statlog (Heart)","This dataset is a heart disease database similar to a database already present in the repository (Heart Disease databases) but in a slightly different form"
146,"Statlog (Landsat Satellite)","Multi-spectral values of pixels in 3x3 neighbourhoods in a satellite image, and the classification associated with the central pixel in each neighbourhood"
147,"Statlog (Image Segmentation)","This dataset is an image segmentation database similar to a database already present in the repository (Image segmentation database) but in a slightly different form."
148,"Statlog (Shuttle)","The shuttle dataset contains 9 attributes all of which are numerical. Approximately 80% of the data belongs to class 1"
149,"Statlog (Vehicle Silhouettes)","3D objects within a 2D image by application of an ensemble of shape feature extractors to the 2D silhouettes of the objects."
150,"Connectionist Bench (Nettalk Corpus)","The file "nettalk.data" contains a list of 20,008 English words, along with a phonetic transcription for each word. The task is to train a network to produce the proper phonemes"
151,"Connectionist Bench (Sonar, Mines vs. Rocks)","The task is to train a network to discriminate between sonar signals bounced off a metal cylinder and those bounced off a roughly cylindrical rock."
152,"Connectionist Bench (Vowel Recognition - Deterding Data)","Speaker independent recognition of the eleven steady state vowels of British English using a specified training set of lpc derived log area ratios."
153,"Economic Sanctions","Domain Theory on Economic Sanctions; Undocumented"
154,"Protein Data",Undocumented
155,Cloud,"Little Documentation"
156,"CalIt2 Building People Counts","This data comes from the main door of the CalIt2 building at UCI."
157,"Dodgers Loop Sensor","Loop sensor data was collected for the Glendale on ramp for the 101 North freeway in Los Angeles"
158,"Poker Hand","Purpose is to predict poker hands"
159,"MAGIC Gamma Telescope","Data are MC generated to simulate registration of high energy gamma particles in an atmospheric Cherenkov telescope"
160,"UJI Pen Characters","Data consists of written characters in a UNIPEN-like format"
161,"Mammographic Mass","Discrimination of benign and malignant mammographic masses based on BI-RADS attributes and the patient's age."
162,"Forest Fires","This is a difficult regression task, where the aim is to predict the burned area of forest fires, in the northeast region of Portugal, by using meteorological and other data (see details at: http://www.dsi.uminho.pt/~pcortez/forestfires)."
163,"Reuters Transcribed Subset","This dataset is created by reading out 200 files from the 10 largest Reuters  classes and using an Automatic Speech Recognition system to create  corresponding transcriptions."
164,"Bag of Words","This data set contains five text collections in the form of bags-of-words."
165,"Concrete Compressive Strength","Concrete is the most important material in civil engineering. The concrete compressive strength is a highly nonlinear function of age and ingredients. "
166,Hill-Valley,"Each record represents 100 points on a two-dimensional graph. When plotted in order (from 1 through 100) as the Y co-ordinate, the points will create either a Hill (a “bump” in the terrain) or a Valley (a “dip” in the terrain)."
167,Arcene,"ARCENE's task is to distinguish cancer versus normal patterns from mass-spectrometric data. This is a two-class classification problem with continuous input variables. This dataset is one of 5 datasets of the NIPS 2003 feature selection challenge."
168,Dexter,"DEXTER is a text classification problem in a bag-of-word representation. This is a two-class classification problem with sparse continuous input variables. This dataset is one of five datasets of the NIPS 2003 feature selection challenge. "
169,Dorothea,"DOROTHEA is a drug discovery dataset. Chemical compounds represented by structural molecular features must be classified as active (binding to thrombin) or inactive. This is one of 5 datasets of the NIPS 2003 feature selection challenge."
170,Gisette,"GISETTE is a handwritten digit recognition problem. The problem is to separate the highly confusible digits '4' and '9'. This dataset is one of five datasets of the NIPS 2003 feature selection challenge. "
171,Madelon,"MADELON is an artificial dataset, which was part of the NIPS 2003 feature selection challenge. This is a two-class classification problem with continuous input variables. The difficulty is that the problem is multivariate and highly non-linear. "
172,"Ozone Level Detection","Two ground ozone level data sets are included in this collection. One is the eight hour peak set (eighthr.data), the other is the one hour peak set (onehr.data). Those data were collected from 1998 to 2004 at the Houston, Galveston and Brazoria area."
173,"Abscisic Acid Signaling Network","The objective is to determine the set of boolean rules that describe the interactions of the nodes within this plant signaling network.  The dataset includes 300 separate boolean pseudodynamic simulations using an asynchronous update scheme. "
174,Parkinsons,"Oxford Parkinson's Disease Detection Dataset"
175,"Character Trajectories","Multiple, labelled samples of pen tip trajectories recorded whilst writing individual characters. All samples are from the same writer, for the purposes of primitive extraction. Only characters with a single pen-down segment were considered."
176,"Blood Transfusion Service Center","Data taken from the Blood Transfusion Service Center in Hsin-Chu City in Taiwan -- this is a classification problem. "
177,"UJI Pen Characters (Version 2)","A pen-based database with more than 11k isolated handwritten characters"
178,"Semeion Handwritten Digit","1593 handwritten digits from around 80 persons were scanned, stretched in a rectangular box 16x16 in a gray scale of 256 values."
179,SECOM,"Data from a semi-conductor manufacturing process"
180,Plants,"Data has been extracted from the USDA plants database. It contains all plants (species and genera) in the database and the states of USA and Canada where they occur."
181,"Libras Movement","The data set contains 15 classes of 24 instances each. Each class references to a hand movement type in LIBRAS (Portuguese name 'LÍngua BRAsileira de Sinais', oficial brazilian signal language)."
182,"Concrete Slump Test","Concrete is a highly complex material. The slump flow of concrete is not only determined by the water content, but that is also influenced by other concrete ingredients."
183,"Communities and Crime","Communities within the United States. The data combines socio-economic data from the 1990 US Census, law enforcement data from the 1990 US LEMAS survey, and crime data from the 1995 FBI UCR."
184,"Acute Inflammations","The data was created by a medical expert as a data set to test the expert system,  which will perform the presumptive diagnosis of two diseases of the urinary system. "
186,"Wine Quality","Two datasets are included, related to red and white vinho verde wine samples, from the north of Portugal. The goal is to model wine quality based on physicochemical tests (see [Cortez et al., 2009], http://www3.dsi.uminho.pt/pcortez/wine/)."
187,"URL Reputation","Anonymized 120-day subset of the ICML-09 URL data containing 2.4 million examples and 3.2 million features."
188,"p53 Mutants","The goal is to model mutant p53 transcriptional activity (active vs inactive) based on data extracted from biophysical simulations. "
189,"Parkinsons Telemonitoring","Oxford Parkinson's Disease Telemonitoring Dataset"
190,Demospongiae,"Marine sponges of the Demospongiae class classification domain."
191,"Opinosis Opinion &frasl; Review","This dataset contains sentences extracted from user reviews on a given topic. Example topics are â€œperformance of Toyota Camryâ€ and â€œsound quality of ipod nanoâ€. "
192,"Breast Tissue","Dataset with electrical impedance measurements of freshly excised tissue samples from the breast."
193,Cardiotocography,"The dataset consists of measurements of fetal heart rate (FHR) and uterine contraction (UC) features on cardiotocograms classified by expert obstetricians."
194,"Wall-Following Robot Navigation Data","The data were collected as the SCITOS G5 robot navigates through the room following the wall in a clockwise direction, for 4 rounds, using 24 ultrasound sensors arranged circularly around its 'waist'."
195,"Spoken Arabic Digit","This dataset contains timeseries of mel-frequency cepstrum coefficients (MFCCs) corresponding to spoken Arabic digits.  Includes data from 44 male and 44 female native Arabic speakers."
196,"Localization Data for Person Activity","Data contains recordings of five people performing different activities. Each person wore four sensors (tags) while performing the same scenario five times. "
197,AutoUniv,"AutoUniv is an advanced data generator for classifications tasks. The aim is to reflect the nuances and heterogeneity of real data.  Data can be generated in .csv, ARFF or C4.5 formats."
198,"Steel Plates Faults","A dataset of steel platesâ€™ faults, classified into 7 different types.  The goal was to train machine learning for automatic pattern recognition. "
199,"MiniBooNE particle identification","This dataset is taken from the MiniBooNE experiment and is used to distinguish electron neutrinos (signal) from muon neutrinos (background)."
203,YearPredictionMSD,"Prediction of the release year of a song from audio features. Songs are mostly western, commercial tracks ranging from 1922 to 2011, with a peak in the year 2000s."
204,PEMS-SF,"15 months worth of daily data (440 daily records) that describes the occupancy rate, between 0 and 1, of different car lanes of the San Francisco bay area freeways across time."
205,"OpinRank Review Dataset","This data set contains user reviews of cars and and hotels collected from Tripadvisor (~259,000  reviews) and Edmunds (~42,230 reviews).   "
206,"Relative location of CT slices on axial axis","The dataset consists of 384 features extracted from CT images. The class variable is numeric and denotes the relative location of the CT slice on the axial axis of the human body."
208,"Online Handwritten Assamese Characters Dataset","This is a dataset of 8235 online handwritten assamese characters. The â€œonlineâ€ process involves capturing of data as text is written on a digitizing tablet with an electronic pen."
209,"PubChem Bioassay Data","These highly imbalanced bioassay datasets are from the differing types of screening that can be performed using HTS technology. 21 datasets were created from 12 bioassays."
210,"Record Linkage Comparison Patterns","Element-wise comparison of records with personal data from a record linkage setting. The task is to decide from a comparison pattern whether the underlying records belong to one person."
211,"Communities and Crime Unnormalized","Communities in the US. Data combines socio-economic data from the '90 Census, law enforcement data from the 1990 Law Enforcement Management and Admin Stats survey, and crime data from the 1995 FBI UCR"
212,"Vertebral Column","Data set containing values for six biomechanical features used to classify orthopaedic patients into 3 classes (normal, disk hernia or spondilolysthesis) or 2 classes (normal or abnormal)."
213,"EMG Physical Action Data Set","The Physical Action Data Set includes 10 normal and 10 aggressive physical actions that measure the human activity. The data have been collected by 4 subjects using the Delsys EMG wireless apparatus."
214,"Vicon Physical Action Data Set","The Physical Action Data Set includes 10 normal and 10 aggressive physical actions that measure the human activity. The data have been collected by 10 subjects using the Vicon 3D tracker."
215,"Amazon Commerce reviews set","The dataset is used for authorship identification in online Writeprint which is a new research field of pattern recognition. "
216,"Amazon Access Samples","Amazon's InfoSec is getting smarter about the way Access data is leveraged. This is an anonymized sample of access provisioned within the company."
217,Reuter_50_50,"The dataset is used for authorship identification in online Writeprint which is a new research field of pattern recognition. "
218,"Farm Ads","This data was collected from text ads found on twelve websites that deal with various farm animal related topics.  The binary labels are based on whether or not the content owner approves of the ad."
219,"DBWorld e-mails","It contains 64 e-mails which I have manually collected from DBWorld mailing list. They are classified in: 'announces of conferences' and 'everything else'."
220,"KEGG Metabolic Relation Network (Directed)","KEGG Metabolic pathways modeled as directed relation network. Variety of graphical features presented."
221,"KEGG Metabolic Reaction Network (Undirected)","KEGG Metabolic pathways modeled as un-directed reaction network. Variety of graphical features presented."
222,"Bank Marketing","The data is related with direct marketing campaigns (phone calls) of a Portuguese banking institution. The classification goal is to predict if the client will subscribe a term deposit (variable y)."
223,"YouTube Comedy Slam Preference Data","This dataset provides user vote data on which video from a pair of videos is funnier collected on YouTube Comedy Slam. The task is to automatically predict this preference based on video metadata."
224,"Gas Sensor Array Drift Dataset","This archive contains 13910 measurements from 16 chemical sensors utilized in simulations for drift compensation in a discrimination task of 6 gases at various levels of concentrations."
225,"ILPD (Indian Liver Patient Dataset)","This data set contains 10 variables that are age, gender, total Bilirubin, direct Bilirubin, total proteins, albumin, A/G ratio, SGPT, SGOT and Alkphos."
226,"OPPORTUNITY Activity Recognition","The OPPORTUNITY Dataset for Human Activity Recognition from Wearable, Object, and Ambient Sensors is a dataset devised to benchmark human activity recognition algorithms (classification, automatic data segmentation, sensor fusion, feature extraction, etc)."
227,Nomao,"Nomao collects data about places (name, phone, localization...) from many sources. Deduplication consists in detecting what data refer to the same place. Instances in the dataset compare 2 spots."
228,"SMS Spam Collection","The SMS Spam Collection is a public set of SMS labeled messages that have been collected for mobile phone spam research."
229,"Skin Segmentation","The Skin Segmentation dataset is constructed over B, G, R color space. Skin and Nonskin dataset is generated using skin textures from face images of diversity of age, gender, and race people."
230,"Planning Relax","The dataset concerns with the classification of two mental stages from recorded EEG signals: Planning (during imagination of motor act) and Relax state. "
231,"PAMAP2 Physical Activity Monitoring","The PAMAP2 Physical Activity Monitoring dataset contains data of 18 different physical activities, performed by 9 subjects wearing 3 inertial measurement units and a heart rate monitor."
232,"Restaurant & consumer data","The dataset was obtained from a recommender system prototype. The task was to generate a top-n list of restaurants according to the consumer preferences. "
233,CNAE-9,"This is a data set containing 1080 documents of free text business descriptions of Brazilian companies categorized into a subset of 9 categories"
235,"Individual household electric power consumption","Measurements of electric power consumption in one household with a one-minute sampling rate over a period of almost 4 years. Different electrical quantities and some sub-metering values are available."
236,seeds,"Measurements of geometrical properties of kernels belonging to three different varieties of wheat. A soft X-ray technique and GRAINS package were used to construct all seven, real-valued attributes."
237,Northix,"Northix is designed to be a schema matching benchmark problem for data integration of two entity relationship databases. "
238,QtyT40I10D100K,"Since there is no numerical sequential data stream available in standard data sets, this data set is generated from the original T40I10D100K data set"
239,"Legal Case Reports","A textual corpus of 4000 legal cases for automatic summarization and citation analysis. For each document we collect catchphrases, citations sentences, citation catchphrases and citation classes."
240,"Human Activity Recognition Using Smartphones","Human Activity Recognition database built from the recordings of 30 subjects performing activities of daily living (ADL) while carrying a waist-mounted smartphone with embedded inertial sensors."
241,"One-hundred plant species leaves data set","Sixteen samples of leaf each of one-hundred plant species. For each sample, a shape descriptor, fine scale margin and texture histogram are given."
242,"Energy efficiency","This study looked into assessing the heating load and cooling load requirements of buildings (that is, energy efficiency) as a function of building parameters."
243,"Yacht Hydrodynamics","Delft data set, used to predict the hydodynamic performance of sailing yachts from dimensions and velocity."
244,Fertility,"100 volunteers provide a semen sample analyzed according to the WHO 2010 criteria. Sperm concentration are related to socio-demographic data, environmental factors, health status, and life habits"
245,"Daphnet Freezing of Gait","This dataset contains the annotated readings of 3 acceleration sensors at the hip and leg of Parkinson's disease patients that experience freezing of gait (FoG) during walking tasks. "
246,"3D Road Network (North Jutland, Denmark)","3D road network with highly accurate elevation information (+-20cm) from Denmark used in eco-routing and fuel/Co2-estimation routing algorithms."
247,"ISTANBUL STOCK EXCHANGE","Data sets includes returns of Istanbul Stock Exchange with seven other international index; SP, DAX, FTSE, NIKKEI, BOVESPA, MSCE_EU, MSCI_EM from Jun 5, 2009 to Feb 22, 2011."
248,"Buzz in social media ","This data-set contains examples of buzz events from two different social networks: Twitter, and Tom's Hardware, a forum network focusing on new technology with more conservative dynamics."
249,"First-order theorem proving","Given a theorem, predict which of five heuristics will give the fastest proof when used by a first-order prover. A sixth prediction declines to attempt a proof, should the theorem be too difficult."
250,"Wearable Computing: Classification of Body Postures and Movements (PUC-Rio)","A dataset with 5 classes (sitting-down, standing-up, standing, walking, and sitting) collected on 8 hours of activities of 4 healthy subjects. We also established a baseline performance index."
251,"Gas sensor arrays in open sampling settings","The dataset contains 18000 time-series recordings from a chemical detection platform at six different locations in a wind tunnel facility in response to ten high-priority chemical gaseous substances"
252,"Climate Model Simulation Crashes","Given Latin hypercube samples of 18 climate model input parameter values, predict climate model simulation crashes and determine the parameter value combinations that cause the failures."
253,MicroMass,"A dataset to explore machine learning approaches for the identification of microorganisms from mass-spectrometry data."
254,"QSAR biodegradation","Data set containing values for 41 attributes (molecular descriptors) used to classify 1055 chemicals into 2 classes (ready and not ready biodegradable)."
255,BLOGGER,"In this paper, we look for to recognize the causes of users tend to cyber space in Kohkiloye and Boyer Ahmad Province in Iran"
256,"Daily and Sports Activities","The dataset comprises motion sensor data of 19 daily and sports activities each performed by 8 subjects in their own style for 5 minutes. Five Xsens MTx units are used on the torso, arms, and legs. "
257,"User Knowledge Modeling","It is the real dataset about the students' knowledge status about the subject of Electrical DC Machines. The dataset had been obtained from Ph.D. Thesis."
259,"Reuters RCV1 RCV2 Multilingual, Multiview Text Categorization Test collection","This test collection contains feature characteristics of documents originally written in five different languages and their translations, over a common set of 6 categories. "
260,NYSK,"NYSK (New York v. Strauss-Kahn) is a collection of English news articles about the case relating to allegations of sexual assault against the former IMF director Dominique Strauss-Kahn (May 2011)."
262,"Turkiye Student Evaluation","This data set contains a total 5820 evaluation scores provided by students from Gazi University in Ankara (Turkey). There is a total of 28 course specific questions and additional 5 attributes."
263,"ser Knowledge Modeling Data (Students' Knowledge Levels on DC Electrical Machines)","The dataset is about the users' learning activities and knowledge levels on subjects of DC  Electrical Machines. The dataset had been obtained from online web-courses  and reported in my Ph.D. Thesis."
264,"EEG Eye State","The data set consists of 14 EEG values and a value indicating the eye state."
265,"Physicochemical Properties of Protein Tertiary Structure","This is a data set of Physicochemical Properties of Protein Tertiary Structure. The data set is taken from CASP 5-9. There are 45730 decoys and size varying from 0 to 21 armstrong."
266,seismic-bumps,"The data describe the problem of high energy (higher than 10^4 J) seismic bumps forecasting in a coal  mine. Data come from two of longwalls located in a Polish coal mine."
267,"banknote authentication","Data were extracted from images that were taken for the evaluation of an authentication procedure for banknotes."
268,"USPTO Algorithm Challenge, run by NASA-Harvard Tournament Lab and TopCoder    Problem: Pat","Data used for USPTO Algorithm Competition. Contains drawing pages from US patents with manually labeled figure and part labels."
269,"YouTube Multiview Video Games Dataset","This dataset contains about 120k instances, each described by 13 feature types, with class information, specially useful for exploring multiview topics (cotraining, ensembles, clustering,..)."
270,"Gas Sensor Array Drift Dataset at Different Concentrations","This archive contains 13910 measurements from 16 chemical sensors exposed to 6 different gases at various concentration levels."
271,"Activities of Daily Living (ADLs) Recognition Using Binary Sensors","This dataset comprises information regarding the ADLs performed by two users on a daily basis in their  own homes.  "
272,"SkillCraft1 Master Table Dataset","This data was used in Thompson et al. (2013). A list of possible game actions is discussed in Thompson, Blair, Chen, & Henrey (2013)."
273,"Weight Lifting Exercises monitored with Inertial Measurement Units","Six young health subjects were asked to perform 5 variations of the biceps curl weight lifting exercise. One of the variations is the one predicted by the health professional."
274,SML2010,"This dataset is collected from a monitor system mounted in a domotic house. It corresponds to approximately 40 days of monitoring data."
275,"Bike Sharing Dataset","This dataset contains the hourly and daily count of rental bikes between years 2011 and 2012 in Capital bikeshare system with the corresponding weather and seasonal information."
276,"Predict keywords activities in a online social media","The data from Twitter was collected during 360 consecutive days. It was done by querying 1497 English keywords sampled from Wikipedia. This dataset is proposed in a Learning to rank setting."
277,"Thoracic Surgery Data","The data is dedicated to classification problem related to the post-operative life expectancy in the lung cancer patients: class 1 - death within one year after surgery, class 2 - survival."
278,"EMG dataset in Lower Limb","3 different exercises: sitting, standing and walking in the muscles: biceps femoris, vastus medialis, rectus femoris and semitendinosus addition to goniometry in the exercises."
279,SUSY,"This is a classification problem to distinguish between a signal process which produces supersymmetric particles and a background process which does not."
280,HIGGS,"This is a classification problem to distinguish between a signal process which produces Higgs bosons and a background process which does not. "
281,Qualitative_Bankruptcy,"Predict the Bankruptcy from Qualitative parameters from experts."
282,"LSVT Voice Rehabilitation","126 samples from 14 participants, 309 features. Aim: assess whether voice rehabilitation treatment lead to phonations considered 'acceptable' or 'unacceptable' (binary class classification problem)."
283,"Dataset for ADL Recognition with Wrist-worn Accelerometer","Recordings of 16 volunteers performing 14 Activities of Daily Living (ADL) while carrying a single wrist-worn tri-axial accelerometer."
285,Wilt,"High-resolution Remote Sensing data set (Quickbird). Small number of training samples of diseased trees, large number for other land cover. Testing data set from stratified random sample of image."
286,"User Identification From Walking Activity","The dataset collects data from an Android smartphone positioned in the chest pocket from 22 participants walking in the wild over a predefined path.  "
287,"Activity Recognition from Single Chest-Mounted Accelerometer","The dataset collects data from a wearable accelerometer mounted on the chest. The dataset is intended for Activity Recognition research purposes."
288,Leaf,"This dataset consists in a collection of shape and texture features extracted from digital images of leaf specimens originating from a total of 40 different plant species."
289,Dresses_Attribute_Sales,"This dataset contain Attributes of dresses and their recommendations according to their sales.Sales are monitor on the basis of alternate days. "
290,"Tamilnadu Electricity Board Hourly Readings","This data can be effectively produced the result to fewer parameter of the Load profile can be reduced in the Database  "
291,"Airfoil Self-Noise","NASA data set, obtained from a series of aerodynamic and acoustic tests of two and three-dimensional airfoil blade sections conducted in an anechoic wind tunnel."
292,"Wholesale customers","The data set refers to clients of a wholesale distributor. It includes the annual spending in monetary units (m.u.) on diverse product categories"
293,"Twitter Data set for Arabic Sentiment Analysis","This problem of Sentiment Analysis (SA) has been studied well on the English language but not Arabic one. Two main approaches have been devised: corpus-based and lexicon-based. "
294,"Combined Cycle Power Plant","The dataset contains 9568 data points collected from a Combined Cycle Power Plant over 6 years (2006-2011), when the plant was set to work with full load. "
295,"Urban Land Cover","Classification of urban land cover using high resolution aerial imagery. Intended to assist sustainable urban planning efforts."
296,"Diabetes 130-US hospitals for years 1999-2008","This data has been prepared to analyze factors related to readmission as well as other   outcomes pertaining to patients with diabetes."
298,"Bach Choral Harmony","The data set is composed of 60 chorales (5665 events) by J.S. Bach (1675-1750). Each event of each chorale is labelled using 1 among 101 chord labels and described through 14 features."
299,StoneFlakes,"Stone flakes are waste products of the stone tool production in the prehistoric era. The variables are means of geometric and stylistic features of the flakes contained in different inventories."
300,"Tennis Major Tournament Match Statistics","This is a collection of 8 files containing the match statistics for both women and men at the four major tennis tournaments of the year 2013. Each file has 42 columns and a minimum of 76 rows."
301,"Parkinson Speech Dataset with  Multiple Types of Sound Recordings","The training data belongs to 20 Parkinson's Disease (PD) patients and 20 healthy subjects. From all subjects, multiple types of sound recordings (26) are taken."
302,"Gesture Phase Segmentation","The dataset is composed by features extracted from 7 videos with people gesticulating, aiming at studying Gesture Phase Segmentation. It contains 50 attributes divided into two files for each video."
303,"Perfume Data","This data consists of odors of 20 different perfumes. Data was obtained by using a handheld odor meter (OMX-GR sensor) per second for 28 seconds period."
304,BlogFeedback,"Instances in this dataset contain features extracted from blog posts. The task associated with the data is to predict how many comments the post will receive."
305,"REALDISP Activity Recognition Dataset","The REALDISP dataset is devised to evaluate techniques dealing with the effects of sensor displacement in wearable activity recognition as well as to benchmark general activity recognition algorithms "
306,"Newspaper and magazine images segmentation dataset","Dataset is well suited for segmentation tasks. It contains 101 scanned pages from different newspapers and magazines in Russian with ground truth pixel-based masks."
307,"AAAI 2014 Accepted Papers","This data set compromises the metadata for the 2014 AAAI conference's accepted papers, including paper titles, authors, abstracts, and keywords of varying granularity."
308,"Gas sensor array under flow modulation","The data set contains 58 time series acquired from 16 chemical sensors under gas flow modulation conditions. The sensors were exposed to different gaseous binary mixtures of acetone and ethanol."
309,"Gas sensor array exposed to turbulent gas mixtures","A chemical detection platform composed of 8 chemoresistive gas sensors was exposed to turbulent gas mixtures generated naturally in a wind tunnel. The acquired time series of the sensors are provided."
310,UJIIndoorLoc,"The UJIIndoorLoc is a Multi-Building Multi-Floor indoor localization database to test Indoor Positioning System that rely on WLAN/WiFi fingerprint."
311,"Sentence Classification","Contains sentences from the abstract and introduction of 30 articles annotated with a modified Argumentative Zones annotation scheme. These articles come from biology, machine learning and psychology."
312,"Dow Jones Index","This dataset contains weekly data for the Dow Jones Industrial Index.  It has been used in computational investing research."
313,"sEMG for Basic Hand movements","The â€œsEMG for Basic Hand movementsâ€ includes 2 databases of surface electromyographic signals of 6 hand movements using Delsys' EMG System. Healthy subjects conducted six daily life grasps."
314,"AAAI 2013 Accepted Papers","This data set compromises the metadata for the 2013 AAAI conference's accepted papers (main track only), including paper titles, abstracts, and keywords of varying granularity."
315,"Geographical Original of Music","Instances in this dataset contain audio features extracted from 1059 wave files. The task associated with the data is to predict the geographical origin of music. "
316,"Condition Based Maintenance of Naval Propulsion Plants","Data have been generated from a sophisticated simulator of a Gas Turbines (GT), mounted on a Frigate characterized by a COmbined Diesel eLectric And Gas (CODLAG) propulsion plant type."
317,"Grammatical Facial Expressions","This dataset supports the development of models that make possible to interpret Grammatical Facial Expressions from Brazilian Sign Language (Libras)."
318,NoisyOffice,"Corpus intended to do cleaning (or binarization) and enhancement of noisy grayscale printed text images using supervised learning methods. Noisy images and their corresponding ground truth provided."
319,"MHEALTH Dataset","The MHEALTH (Mobile Health) dataset is devised to benchmark techniques dealing with human behavior analysis based on multimodal body sensing."
320,"Student Performance","Predict student performance in secondary education (high school). "
321,ElectricityLoadDiagrams20112014,"This data set contains electricity consumption of 370 points/clients. "
322,"Gas sensor array under dynamic gas mixtures","The data set contains the recordings of 16 chemical sensors exposed to two dynamic gas mixtures at varying concentrations. For each mixture, signals were acquired continuously during 12 hours."
323,microblogPCU,"MicroblogPCU data is crawled from sina weibo microblog[http://weibo.com/]. This data can be used to study machine learning methods  as well as do some social network research. "
324,Firm-Teacher_Clave-Direction_Classification,"The data are binary attack-point vectors and their clave-direction class(es) according to the partido-alto-based paradigm."
325,"Dataset for Sensorless Drive Diagnosis","Features are extracted from motor current. The motor has intact and defective components. This results in 11 different classes with different conditions. "
326,"TV News Channel Commercial Detection Dataset","TV Commercials data set consists of  standard audio-visual features of video shots extracted from 150 hours of TV news broadcast of 3 Indian and 2 international news channels ( 30 Hours each).  "
327,"Phishing Websites","This dataset collected mainly from: PhishTank archive, MillerSmiles archive, Googleâ€™s searching operators."
328,"Greenhouse Gas Observing Network","Design an observing network to monitor emissions of a greenhouse gas (GHG) in California given time series of synthetic observations and tracers from weather model simulations. "
329,"Diabetic Retinopathy Debrecen Data Set","This dataset contains features extracted from the Messidor image set to predict whether an image contains signs of diabetic retinopathy or not. "
330,"HIV-1 protease cleavage","The data contains lists of octamers (8 amino acids) and a flag (-1 or 1) depending on whether HIV-1 protease will cleave in the central position (between amino acids 4 and 5)."
331,"Sentiment Labelled Sentences","The dataset contains sentences labelled with positive or negative sentiment."
332,"Online News Popularity","This dataset summarizes a heterogeneous set of features about articles published by Mashable in a period of two years. The goal is to predict the number of shares in social networks (popularity)."
333,"Forest type mapping","Multi-temporal remote sensing data of a forested area in Japan. The goal is to map different forest types using spectral data."
334,wiki4HE,"Survey of faculty members from two Spanish universities on teaching uses of Wikipedia"
335,"Online Video Characteristics and Transcoding Time Dataset","The dataset contains a million randomly sampled video instances listing 10 fundamental video characteristics along with the YouTube video ID. "
336,Chronic_Kidney_Disease,"This dataset can be used to predict the chronic kidney disease and it can be collected from the hospital nearly 2 months of period."
337,"Machine Learning based ZZAlpha Ltd. Stock Recommendations 2012-2014","The data here are the ZZAlphaÂ® machine learning recommendations made for various US traded stock portfolios the morning of each day during the 3 year period Jan 1, 2012 - Dec 31, 2014.  "
338,Folio,"20 photos of leaves for each of 32 different species."
339,"Taxi Service Trajectory - Prediction Challenge, ECML PKDD 2015","An accurate dataset describing trajectories performed by all the 442 taxis running in the city of Porto, in Portugal. "
340,"Cuff-Less Blood Pressure Estimation","This Data set provides preprocessed and cleaned vital signals which can be used in designing algorithms for cuff-less estimation of the blood pressure."
341,"Smartphone-Based Recognition of Human Activities and Postural Transitions","Activity recognition data set built from the recordings of 30 subjects performing basic activities and postural transitions while carrying a waist-mounted smartphone with embedded inertial sensors. "
342,"Mice Protein Expression","Expression levels of 77 proteins measured in the cerebral cortex of 8 classes of control and Down syndrome mice exposed to context fear conditioning, a task used to assess associative learning."
343,UJIIndoorLoc-Mag,"The UJIIndoorLoc-Mag is an indoor localization database to test Indoor Positioning System that rely on Earth's magnetic field variations."
344,"Heterogeneity Activity Recognition","The Heterogeneity Human Activity Recognition (HHAR) dataset from Smartphones and Smartwatches is a dataset devised to benchmark human activity recognition algorithms (classification, automatic data segmentation, sensor fusion, feature extraction, etc.) in real-world contexts; specifically, the dataset is gathered with a variety of different device models and use-scenarios, in order to reflect sensing heterogeneities to be expected in real deployments."
346,"Educational Process Mining (EPM): A Learning Analytics Data Set","Educational Process Mining data set is built from the recordings of 115 subjects' activities through a logging application while learning with an educational simulator."
347,HEPMASS,"The search for exotic particles requires sorting through a large number of collisions to find the events of interest. This data set challenges one to detect a new particle of unknown mass."
348,"Indoor User Movement Prediction from RSS data","This dataset contains temporal data from a Wireless Sensor Network deployed in real-world office environments. The task is intended as real-life benchmark in the area of Ambient Assisted Living."
349,"Open University Learning Analytics dataset","Open University Learning Analytics Dataset contains data about courses, students and their interactions with Virtual Learning Environment for seven selected courses and more than 30000 students."
350,"default of credit card clients","This research aimed at the case of customersâ€™ default payments in Taiwan and compares the predictive accuracy of probability of default among six data mining methods."
351,"Mesotheliomaâ€™s disease data set ","Mesotheliomaâ€™s disease data set were prepared at Dicle University Faculty of Medicine in Turkey. Three hundred and twenty-four Mesothelioma patient data. In the dataset, all samples have 34 features."
352,"Online Retail","This is a transnational data set which contains all the transactions occurring between 01/12/2010 and 09/12/2011 for a UK-based and registered non-store online retail."
353,SIFT10M,"In SIFT10M, each data point is a SIFT feature which is extracted from Caltech-256 by the open source VLFeat library. The corresponding patches of the SIFT features are provided."
354,"GPS Trajectories","The dataset has been feed by Android app called Go!Track. It is available at Goolge Play Store(https://play.google.com/store/apps/details?id=com.go.router). "
355,"Detect Malacious Executable(AntiVirus)","I extract features from malacious and non-malacious and create and training dataset to teach svm classifier.Dataset made of unknown executable to detect if it is virus or normal safe executable."
357,"Occupancy Detection ","Experimental data used for binary classification (room occupancy) from Temperature,Humidity,Light and CO2. Ground-truth occupancy was obtained from time stamped pictures that were taken every minute."
358,"Improved Spiral Test Using Digitized Graphics Tablet for Monitoring Parkinsonâ€™s Disease","Handwriting database consists of 25 PWP(People with Parkinson) and 15 healthy individuals.Three types of recordings (Static Spiral Test, Dynamic Spiral Test and Stability Test) are taken."
359,"News Aggregator","References to news pages collected from an web aggregator in the period from 10-March-2014 to 10-August-2014. The resources are grouped into clusters that represent pages discussing the same story."
360,"Air Quality","Contains the responses of a gas multisensor device deployed on the field in an Italian city. Hourly responses averages are recorded along with gas concentrations references from a certified analyzer. "
361,"Twin gas sensor arrays","5 replicates of an 8-MOX gas sensor array were exposed to different gas conditions (4 volatiles at 10 concentration levels each)."
362,"Gas sensors for home activity monitoring","100 recordings of a sensor array under different conditions in a home setting: background, wine and banana presentations. The array includes 8 MOX gas sensors, and humidity and temperature sensors. "
363,"Facebook Comment Volume Dataset","Instances in this dataset contain features extracted from facebook posts. The task associated with the data is to predict how many comments the post will receive."
364,"Smartphone Dataset for Human Activity Recognition (HAR) in Ambient Assisted Living (AAL)","This data is an addition to an existing dataset on UCI. We collected more data to improve the accuracy of our human activity recognition algorithms applied in the domain of Ambient Assisted Living.  "
365,"Polish companies bankruptcy data","The dataset is about bankruptcy prediction of Polish companies.The bankrupt companies were analyzed in the period 2000-2012, while the still operating companies were evaluated from 2007 to 2013."
366,"Activity Recognition system based on Multisensor data fusion (AReM)","This dataset contains temporal data from a Wireless Sensor Network worn by an actor performing the activities: bending, cycling, lying down, sitting, standing, walking."
367,"Dota2 Games Results","Dota 2 is a popular computer game with two teams of 5 players. At the start of the game each player chooses a unique hero with different strengths and weaknesses."
368,"Facebook metrics","Facebook performance metrics of a renowned cosmetic's brand Facebook page."
369,"UbiqLog (smartphone lifelogging)","UbiqLog is the smartphone lifelogging tool that runs on the smartphone of 35 users for about 2 months.  "
371,"NIPS Conference Papers 1987-2015","This data set contains the distribution of words in the full text of the NIPS conference papers published from 1987 to 2015."
372,HTRU2,"Pulsar candidates collected during the HTRU survey. Pulsars are a type of star, of considerable scientific interest. Candidates must be classified in to pulsar and non-pulsar classes to aid discovery."
373,"Drug consumption (quantified)","Classify type of drug consumer by personality data"
374,"Appliances energy prediction","Experimental data used to create regression models of appliances energy use in a low energy building."
375,"Miskolc IIS Hybrid IPS","The dataset was created for the comparison and evaluation of hybrid indoor positioning methods. The dataset presented contains data from W-LAN and Bluetooth interfaces, and Magnetometer. "
376,"KDC-4007 dataset Collection","KDC-4007 dataset Collection is the Kurdish Documents Classification text used in categories regarding Kurdish Sorani news and articles."
377,"Geo-Magnetic field and WLAN dataset for indoor localisation from wristband and smartphone","A multisource and multivariate dataset for indoor localisation methods based on WLAN and Geo-Magnetic ï¬eld ï¬ngerprinting"
378,DrivFace,"The DrivFace contains images sequences of subjects while driving in real scenarios. It is composed of 606 samples of 640Ã—480, acquired over different days from 4 drivers with several facial features."
379,"Website Phishing","  "
380,"YouTube Spam Collection","It is a public set of comments collected for spam research. It has five datasets composed by 1,956 real messages extracted from five videos that were among the 10 most viewed on the collection period."
381,"Beijing PM2.5 Data","This hourly data set contains the PM2.5 data of US Embassy in Beijing. Meanwhile, meteorological data from Beijing Capital International Airport are also included. "
382,"Cargo 2000 Freight Tracking and Tracing","Sanitized and anonymized Cargo 2000 (C2K) airfreight tracking and tracing events, covering five months of business execution (3,942 process instances, 7,932 transport legs, 56,082 activities). "
383,"Cervical cancer (Risk Factors)","This dataset focuses on the prediction of indicators/diagnosis of cervical cancer. The features cover demographic information, habits, and historic medical records."
384,"Quality Assessment of Digital Colposcopies","This dataset explores the subjective quality assessment of digital colposcopies."
385,KASANDR,"KASANDR is a novel, publicly available collection for recommendation systems that records the behavior of customers of the European leader in e-Commerce advertising, Kelkoo. "
386,"FMA: A Dataset For Music Analysis","FMA features 106,574 tracks and includes song title, album, artist, genres; play counts, favorites, comments; description, biography, tags; together with audio (343 days, 917 GiB) and features."
387,"Air quality"," Contains the responses of a gas multisensor device deployed on the field in an Italian city. "
388,"Epileptic Seizure Recognition","This dataset is a pre-processed and re-structured/reshaped version of a very commonly used dataset featuring epileptic seizure detection. "
389,"Devanagari Handwritten Character Dataset","This is an image database of Handwritten Devanagari characters. There are 46 classes of characters with 2000 examples each. The dataset is split into training set(85%) and testing set(15%). "
390,"Stock portfolio performance","The data set of performances of weighted scoring stock portfolios are obtained with mixture design from the US stock market historical database."
391,"MoCap Hand Postures","5 types of hand postures from 12 users were recorded using unlabeled markers attached to fingers of a glove in a motion capture environment. Due to resolution and occlusion, missing values are common."
392,"Early biomarkers of Parkinson’s disease based on natural connected speech","Predict a pattern of neurodegeneration in the dataset of speech features obtained from patients with early untreated Parkinsonâ€™s disease and patients at high risk developing Parkinsonâ€™s disease."
393,"Data for Software Engineering Teamwork Assessment in Education Setting","Data include over 100 Team Activity Measures and outcomes (ML classes) obtained from activities of 74 student teams during the creation of final class project in SW Eng. classes  at SFSU, Fulda, FAU"
394,"PM2.5 Data of Five Chinese Cities","This hourly data set contains the PM2.5 data in Beijing, Shanghai, Guangzhou, Chengdu and Shenyang. Meanwhile, meteorological data for each city are also included."
395,"Parkinson Disease Spiral Drawings Using Digitized Graphics Tablet","Handwriting database consists of 62 PWP(People with Parkinson) and 15 healthy individuals. Three types of recordings (Static Spiral Test, Dynamic Spiral Test and Stability Test) are taken."
396,Sales_Transactions_Dataset_Weekly,"Contains weekly purchased quantities of 800 over products over 52 weeks. Normalised values are provided too."
397,"Las Vegas Strip","This dataset includes quantitative and categorical features from online reviews from 21 hotels located in Las Vegas Strip, extracted from TripAdvisor (http://www.tripadvisor.com)."
398,Eco-hotel,"This dataset includes Online Textual Reviews from both online (e.g., TripAdvisor) and offline (e.g., Guests' book) sources from the Areias do Seixo Eco-Resort."
399,"MEU-Mobile KSD","This dataset contains keystroke dynamics data collected on a touch mobile device (Nexus 7). The dataset contains 2856 records, 51 records per subject for 56 subjects. "
400,"Crowdsourced Mapping","Crowdsourced data from OpenStreetMap is used to automate the classification of satellite images into different land cover classes (impervious, farm, forest, grass, orchard, water). "
401,"gene expression cancer RNA-Seq","This collection of data is part of the RNA-Seq (HiSeq) PANCAN data set, it is a random extraction of gene expressions of patients having different types of tumor: BRCA, KIRC, COAD, LUAD and PRAD."
402,"Hybrid Indoor Positioning Dataset from WiFi RSSI, Bluetooth and magnetometer","The dataset was created for the comparison and evaluation of hybrid indoor positioning methods. The dataset presented contains data from W-LAN and Bluetooth interfaces, and Magnetometer. "
403,"chestnut â€“ LARVIC","The research project presents this database, shows the images of chestnuts that will be processed to determine the presence or absence of defects"
404,"Burst Header Packet (BHP) flooding attack on Optical Burst Switching (OBS) Network","One of the primary challenges in identifying the risks of the Burst Header Packet (BHP) flood attacks in Optical Burst Switching networks (OBS) is the scarcity of reliable historical data.  "
405,"Motion Capture Hand Postures","5 types of hand postures from 12 users were recorded using unlabeled markers on fingers of a glove in a motion capture environment. Due to resolution and occlusion, missing values are common."
406,"Anuran Calls (MFCCs)","Acoustic features extracted from syllables of anuran (frogs) calls, including the family, the genus, and the species labels (multilabel). "
407,"TTC-3600: Benchmark dataset for Turkish text categorization","The TTC-3600 data set is a collection of Turkish news and articles including categorized 3,600 documents from 6 well-known portals in Turkey. It has 4 different forms in ARFF Weka format."
408,"Gastrointestinal Lesions in Regular Colonoscopy","This dataset contains features extracted from colonoscopy videos used to detect gastrointestinal lesions. It contains 76 lesions: 15 serrated adenomas, 21 hyperplastic lesions and 40 adenoma. "
409,"Daily Demand Forecasting Orders","The dataset was collected during 60 days, this is a real database of a brazilian logistics company."
410,"Paper Reviews","This sentiment analysis data set contains scientific paper reviews from an international conference on computing and informatics. The task is to predict the orientation or the evaluation of a review."
411,"extention of Z-Alizadeh sani dataset","It was collected for CAD diagnosis."
412,"Z-Alizadeh Sani","It was collected for CAD diagnosis."
413,"Dynamic Features of VirusShare Executables","This dataset contains the dynamic features of 107,888 executables, collected by VirusShare from Nov/2010 to Jul/2014."
414,IDA2016Challenge,"The dataset consists of data collected from heavy Scania trucks in everyday usage. "
415,"DSRC Vehicle Communications","This set Provides data regarding wireless communications between vehicles and road side units. two separate data sets are provided (normal scenario) and in the presence of attacker (jammer)."
416,"Mturk User-Perceived Clusters over Images","This dataset was collected by Shan-Hung Wu and DataLab members at NTHU, Taiwan. There're 325 user-perceived clusters from 100 users and their corresponding descriptions."
417,"Character Font Images","Character images from scanned and computer generated fonts."
418,"DeliciousMIL: A Data Set for Multi-Label Multi-Instance Learning with Instance Labels","This dataset includes 1) 12234 documents (8251 training, 3983 test) extracted from DeliciousT140 dataset, 2) class labels for all documents, 3) labels for a subset of sentences of the test documents."
419,"Autistic Spectrum Disorder Screening Data for Children  ","Children screening data for autism suitable for classification and predictive tasks "
420,"Autistic Spectrum Disorder Screening Data for Adolescent   ","Autistic Spectrum Disorder Screening Data for Adolescent. This dataset is related to classification and predictive tasks."
421,"APS Failure at Scania Trucks","The datasets' positive class consists of component failures for a specific component of the APS system. The negative class consists of trucks with failures for components not related to the APS."
422,"Wireless Indoor Localization","Collected in indoor space by observing signal strengths of seven WiFi signals visible on a smartphone. The decision variable is one of the four rooms. "
423,"HCC Survival","Hepatocellular Carcinoma dataset (HCC dataset) was collected at a University Hospital in Portugal. It contains real clinical data of 165 patients diagnosed with HCC."
424,"CSM (Conventional and Social Media Movies) Dataset 2014 and 2015","12 features categorized as conventional and social media features. Both conventional features, collected from movies databases on Web as well as social media features(YouTube,Twitter)."
425,"University of Tehran Question Dataset 2016 (UTQD.2016)","Persian questions gathered from a jeopardy game broadcasted on Iranian national television. "
426,"Autism Screening Adult","Autistic Spectrum Disorder Screening Data for Adult. This dataset is related to classification and predictive tasks."
427,"Activity recognition with healthy older people using a batteryless wearable sensor","Sequential motion data from 14 healthy older people aged 66 to 86 years old using a batteryless, wearable sensor on top of their clothing for the recognition of activities in clinical environments."
428,"Immunotherapy Dataset","This dataset contains information about wart treatment results of 90 patients using immunotherapy."
429,"Cryotherapy Dataset ","This dataset contains information about wart treatment results of 90 patients using cryotherapy."
430,"OCT data & Color Fundus Images of Left & Right Eyes","This dataset contains OCT data (in mat format) and color fundus data (in jpg format) of left & right eyes of 50 healthy persons."
431,"Discrete Tone Image Dataset","Discrete Tone Images(DTI)are available which needs to be analyzed in detail. Here, we created this dataset for those who do research in DTI.  "
432,"News Popularity in Multiple Social Media Platforms","Large data set of news items and their respective social feedback on multiple platforms: Facebook, Google+ and LinkedIn."
433,"Ultrasonic flowmeter diagnostics","Fault diagnosis of four liquid ultrasonic flowmeters"
434,"ICMLA 2014 Accepted Papers Data Set","This data set compromises the metadata for the 2014 ICMLA conference's accepted papers, including ID, paper titles, author's keywords, abstracts and sessions in which they were exposed."
435,"BLE RSSI Dataset for Indoor localization and Navigation","This dataset contains RSSI readings gathered from an array of Bluetooth Low Energy (BLE) iBeacons in a real-world and operational indoor environment for localization and navigation purposes."
436,"Container Crane Controller Data Set","A container crane has the function of transporting containers from one point to another point."
437,"Residential Building Data Set","Data set includes construction cost, sale prices, project variables, and economic variables corresponding to real estate single-family residential apartments in Tehran, Iran. "
438,"Health News in Twitter","The data was collected in 2015 using Twitter API. This dataset contains health news from more than 15 major health news agencies such as BBC, CNN, and NYT. "
439,chipseq,"ChIP-seq experiments characterize protein modifications or binding at specific genomic locations in specific samples. The machine learning problem in these data is structured binary classification."
440,"SGEMM GPU kernel performance","Running times for multiplying two 2048 x 2048 matrices using a GPU OpenCL SGEMM kernel with varying parameters (using the library 'CLTune')."
441,"Repeat Consumption Matrices","The dataset contains 7 datasets of User - Item matrices, where each entry represents how many times a user consumed an item. Item is used as an umbrella term for various categories."
442,detection_of_IoT_botnet_attacks_N_BaIoT,"This dataset addresses the lack of public botnet datasets, especially for the IoT. It suggests *real* traffic data, gathered from 9 commercial IoT devices authentically infected by Mirai and BASHLITE."
445,"Absenteeism at work","The database was created with records of absenteeism at work from July 2007 to July 2010 at a courier company in Brazil."
446,SCADI,"First self-care activities dataset based on ICF-CY."
447,"Condition monitoring of hydraulic systems","The data set addresses the condition assessment of a hydraulic test rig based on multi sensor data. Four fault types are superimposed with several severity grades impeding selective quantification."
448,"Carbon Nanotubes","This dataset contains 10721 initial and calculated atomic coordinates of carbon nanotubes."
449,"Optical Interconnection Network ","This dataset contains 640 performance measurements from a simulation of 2-Dimensional Multiprocessor Optical Interconnection Network. "
450,"Sports articles for objectivity analysis","1000 sports articles were labeled using Amazon Mechanical Turk as objective or subjective. The raw texts, extracted features, and the URLs from which the articles were retrieved are provided."
451,"Breast Cancer Coimbra","Clinical features were observed or measured for 64 patients with breast cancer and 52 healthy controls. "
452,"GNFUV Unmanned Surface Vehicles Sensor Data","The data-set contains four (4) sets of mobile sensor readings data (humidity, temperature) corresponding to a swarm of four (4) Unmanned Surface Vehicles (USVs) in a test-bed in Athens (Greece). "
453,"Dishonest Internet users Dataset","The dataset was used to test an architecture based on a trust model capable to cope with the evaluation of the trustworthiness of users interacting in pervasive environments."
454,"Victorian Era Authorship Attribution","To create the largest authorship attribution dataset, we extracted works of 50 well-known authors. To have a non-exhaustive learning, in training there are 45 authors whereas, in the testing, it's 50"
455,"Simulated Falls and Daily Living Activities Data Set","20 falls and 16 daily living activities were performed by 17 volunteers with 5 repetitions while wearing 6 sensors (3.060 instances) that attached to their head, chest, waist, wrist, thigh and ankle."
456,"Multimodal Damage Identification for Humanitarian Computing","5879 captioned images (image and text) from social media related to damage during natural disasters/wars, and belong to 6 classes: Fires, Floods, Natural landscape, Infrastructural, Human, Non-damage."
457,"EEG Steady-State Visual Evoked Potential Signals","This database consists on 30 subjects performing Brain Computer Interface for Steady State Visual Evoked Potentials (BCI-SSVEP). "
458,"Roman Urdu Data Set","Roman Urdu (the scripting style for Urdu language) is one of the limited resource languages.A data corpus comprising of more than 20000 records was collected."
459,Avila,"The Avila data set has been extracted from 800 images of the 'Avila Bible', an XII century giant Latin copy of the Bible.  The prediction task consists in associating each pattern to a copyist."
460,PANDOR,"PANDOR is a novel and publicly available dataset for online recommendation provided by Purch (http://www.purch.com/). "
461,"Drug Review Dataset (Druglib.com)","The dataset provides patient reviews on specific drugs along with related conditions. Reviews and ratings are grouped into reports on the three aspects benefits, side effects and overall comment."
462,"Drug Review Dataset (Drugs.com)","The dataset provides patient reviews on specific drugs along with related conditions and a 10 star patient rating reflecting overall patient satisfaction."
463,"Physical Unclonable Functions","The dataset is generated from Physical Unclonable Functions (PUFs) simulation, specifically XOR Arbiter PUFs. PUFs are used for authentication purposes. For more info, refer to our paper below."
464,"Superconductivty Data","Two file s contain data on 21263 superconductors and their relevant features."
465,"WESAD (Wearable Stress and Affect Detection)","WESAD (Wearable Stress and Affect Detection) contains data of 15 subjects during a stress-affect lab study, while wearing physiological and motion sensors."
466,"GNFUV Unmanned Surface Vehicles Sensor Data Set 2","The data-set contains eight (2x4) data-sets of mobile sensor readings data (humidity, temperature) corresponding to a swarm of four Unmanned Surface Vehicles (USVs) in a test-bed, Athens, Greece."
467,"Student Academics Performance","The dataset tried to find the end semester percentage prediction based on different social, economic and academic attributes. "
468,"Online Shoppers Purchasing Intention Dataset","Of the 12,330 sessions in the dataset, 84.5% (10,422) were negative class samples that did not end with shopping, and the rest (1908) were positive class samples ending with shopping."
469,PMU-UD,"The handwritten dataset was collected from 170 participants with a total of 5,180 numeral patterns. The dataset is named Prince Mohammad Bin Fahd University - Urdu/Arabic Database (PMU-UD). "
470,"Parkinson's Disease Classification","The data used in this study were gathered from 188 patients with PD (107 men and 81 women) with ages ranging from 33 to 87 (65.1Â±10.9)."
471,"Electrical Grid Stability Simulated Data ","The local stability analysis of the 4-node star system (electricity producer is in the center) implementing Decentral Smart Grid Control concept. "
472,"Caesarian Section Classification Dataset","This dataset contains information about caesarian section results of  80 pregnant women with the most important characteristics of delivery problems in the medical field."
473,BAUM-1,"BAUM-1 dataset contains 1184 multimodal facial video clips collected from 31 subjects. The 1184 video clips contain spontaneous facial expressions and speech of 13 emotional and mental states."
474,BAUM-2,"A multilingual audio-visual affective face database consisting of 1047 video clips of 286 subjects. "
475,"Audit Data","Exhaustive one year non-confidential data in the year 2015 to 2016 of firms is collected from the Auditor Office of India to build a predictor for classifying suspicious firms."
476,"BuddyMove Data Set","User interest information extracted from user reviews published in holidayiq.com about various types of point of interests in South India"
477,"Real estate valuation data set","The â€œreal estate valuationâ€ is a regression problem. The market historical data set of real estate valuation are collected from Sindian Dist., New Taipei City, Taiwan. "
478,"Early biomarkers of Parkinsonâ€™s disease based on natural connected speech Data Set ",.
479,"Somerville Happiness Survey","A data extract of a non-federal dataset posted here https://catalog.data.gov/dataset/somerville-happiness-survey-responses-2011-2013-2015"
480,"2.4 GHZ Indoor Channel Measurements","Measurement of the S21,consists of 10 sweeps, each sweep contains 601 frequency points with spacing of 0.167MHz to cover a 100MHz band centered at 2.4GHz."
481,"EMG data for gestures","These are files of raw EMG data recorded by MYO Thalmic bracelet"
482,"Parking Birmingham","Data collected from car parks in Birmingham that are operated by NCP from  Birmingham City Council. UK Open Government Licence (OGL). https://data.birmingham.gov.uk/dataset/birmingham-parking"
483,"Behavior of the urban traffic of the city of Sao Paulo in Brazil","The database was created with records of behavior of the urban traffic of the city of Sao Paulo in Brazil."
484,"Travel Reviews","Reviews on destinations in 10 categories mentioned across East Asia. Each traveler rating is mapped as Excellent(4), Very Good(3), Average(2), Poor(1), and Terrible(0) and average rating is used."
485,"Tarvel Review Ratings","Google reviews on attractions from 24 categories across Europe are considered. Google user rating ranges from 1 to 5 and average user rating per category is calculated."
486,"Rice Leaf Diseases","There are three classes/diseases: Bacterial leaf blight, Brown spot, and Leaf smut, each having 40 images. The format of all images is jpg.  "
487,"Gas sensor array temperature modulation","A chemical detection platform composed of 14 temperature-modulated metal oxide (MOX) gas sensors was exposed during 3 weeks to mixtures of carbon monoxide and humid synthetic air in a gas chamber. "
488,"Facebook Live Sellers in Thailand","Facebook pages of 10 Thai fashion and cosmetics retail sellers. Posts of a different nature (video, photos, statuses, and links). Engagement metrics consist of comments, shares, and reactions."
489,"Parkinson Dataset with replicated acoustic features ","Contains acoustic features extracted from 3 voice recording  replications of the sustained /a/ phonation for each one of the 80 subjects (40 of them with Parkinson's Disease)."
492,"Metro Interstate Traffic Volume","Hourly Minneapolis-St Paul, MN traffic volume for westbound I-94. Includes weather and holiday features from 2012-2018."
